<code_scheme name="Default" version="173">
  <JavaCodeStyleSettings>
    <option name="LAYOUT_STATIC_IMPORTS_SEPARATELY" value="false" />
    <option name="CLASS_COUNT_TO_USE_IMPORT_ON_DEMAND" value="10" />
    <option name="NAMES_COUNT_TO_USE_IMPORT_ON_DEMAND" value="10" />
    <option name="PACKAGES_TO_USE_IMPORT_ON_DEMAND">
      <value />
    </option>
    <option name="IMPORT_LAYOUT_TABLE">
      <value>
        <package name="" withSubpackages="true" static="false" />
      </value>
    </option>
  </JavaCodeStyleSettings>
  <JetCodeStyleSettings>
    <option name="CODE_STYLE_DEFAULTS" value="KOTLIN_OFFICIAL" />
  </JetCodeStyleSettings>
  <codeStyleSettings language="kotlin">
    <option name="CODE_STYLE_DEFAULTS" value="KOTLIN_OFFICIAL" />
  </codeStyleSettings>
</code_scheme>