<application>
  <component name="aws">
    <option name="promptedForTelemetry" value="true" />
  </component>
  <component name="codewhispererAutotriggerStates">
    <option name="classifierGroup" value="false" />
    <option name="expThreshold" value="false" />
  </component>
  <component name="codewhispererUserGroupSettings">
    <option name="settings">
      <map>
        <entry key="userGroup" value="Control" />
      </map>
    </option>
    <option name="version" value="1.70-231" />
  </component>
</application>