<application>
  <component name="aws">
    <option name="profilesNotification" value="Never" />
    <option name="promptedForTelemetry" value="true" />
    <option name="telemetryEnabled" value="true" />
    <option name="useDefaultCredentialRegion" value="Prompt" />
  </component>
  <component name="codewhispererUserGroupSettings">
    <option name="settings">
      <map>
        <entry key="userGroup" value="CrossFile" />
      </map>
    </option>
    <option name="version" value="1.75-232" />
  </component>
  <component name="executables">
    <option name="value">
      <list>
        <ExecutableState>
          <option name="executablePath" value="C:\Program Files\Amazon\AWSSAMCLI\bin\sam.cmd" />
          <option name="id" value="samCli" />
          <option name="lastKnownFileTime" value="1693953380000" />
        </ExecutableState>
      </list>
    </option>
  </component>
  <component name="experiments">
    <option name="nextSuggestion">
      <map>
        <entry key="jsonResourceModification" value="1700756816855" />
      </map>
    </option>
  </component>
  <component name="gettingStarted">
    <option name="shouldDisplayPage" value="false" />
  </component>
  <component name="resources">
    <option name="selected">
      <list>
        <option value="AWS::Athena::DataCatalog" />
        <option value="AWS::Athena::NamedQuery" />
        <option value="AWS::Athena::WorkGroup" />
        <option value="AWS::Glue::Schema" />
      </list>
    </option>
  </component>
</application>