<application>
  <component name="authManager">
    <option name="lastLoginIdcInfo">
      <LastLoginIdcInfo>
        <option name="profileName" value="asierra" />
        <option name="region" value="us-east-1" />
        <option name="startUrl" value="https://d-906755404c.awsapps.com/start/#" />
      </LastLoginIdcInfo>
    </option>
  </component>
  <component name="aws">
    <option name="QMigrationNotificationShownOnce" value="true" />
    <option name="autoUpdateFeatureNotificationShownOnce" value="true" />
    <option name="profilesNotification" value="Never" />
    <option name="promptedForTelemetry" value="true" />
    <option name="telemetryEnabled" value="true" />
    <option name="useDefaultCredentialRegion" value="Prompt" />
  </component>
  <component name="codewhispererUserGroupSettings">
    <option name="settings">
      <map>
        <entry key="userGroup" value="CrossFile" />
      </map>
    </option>
    <option name="version" value="1.75-232" />
  </component>
  <component name="executables">
    <option name="value">
      <list>
        <ExecutableState>
          <option name="executablePath" value="C:\Program Files\Amazon\AWSSAMCLI\bin\sam.cmd" />
          <option name="id" value="samCli" />
          <option name="lastKnownFileTime" value="1744377012000" />
        </ExecutableState>
      </list>
    </option>
  </component>
  <component name="experiments">
    <option name="nextSuggestion">
      <map>
        <entry key="jsonResourceModification" value="1700756816855" />
      </map>
    </option>
  </component>
  <component name="gettingStarted">
    <option name="shouldDisplayPage" value="false" />
  </component>
  <component name="resources">
    <option name="selected">
      <list>
        <option value="AWS::Athena::DataCatalog" />
        <option value="AWS::Athena::NamedQuery" />
        <option value="AWS::Athena::WorkGroup" />
        <option value="AWS::Glue::Schema" />
      </list>
    </option>
  </component>
</application>