<application>
  <component name="aws">
    <option name="profilesNotification" value="Never" />
    <option name="promptedForTelemetry" value="true" />
    <option name="telemetryEnabled" value="true" />
    <option name="useDefaultCredentialRegion" value="Prompt" />
  </component>
  <component name="codewhispererUserGroupSettings">
    <option name="settings">
      <map>
        <entry key="userGroup" value="CrossFile" />
      </map>
    </option>
    <option name="version" value="1.77-232" />
  </component>
  <component name="executables">
    <option name="value">
      <list>
        <ExecutableState>
          <option name="executablePath" value="C:\Program Files\Amazon\AWSSAMCLI\bin\sam.cmd" />
          <option name="id" value="samCli" />
          <option name="lastKnownFileTime" value="1693953380000" />
        </ExecutableState>
      </list>
    </option>
  </component>
</application>