<application>
  <component name="SonarLintGlobalSettings">
    <option name="fileExclusions">
      <list>
        <option value="**/*.yaml" />
      </list>
    </option>
    <option name="nodejsPath" value="C:\Program Files\nodejs\node.exe" />
    <option name="sonarQubeServers">
      <list>
        <SonarQubeServer>
          <option name="hostUrl" value="https://sonar.apps.bancolombia.com/sonarbc" />
          <token>dfd9dfdbdfdfdff5df98dfcedf9bdfccdf9ddf9edfc9df9adfcedf98df98df9adfc9df9cdf9edfcbdf9cdf93df9adf9bdf92df9adf9ddf9ddfcfdf9edf92dfcfdf93df9edfccdf9bdfcfdf92df9cdf9cdf93df92df9fdfce</token>
          <option name="name" value="Bancolombia" />
        </SonarQubeServer>
      </list>
    </option>
    <rules />
  </component>
</application>