<application>
  <component name="SonarLintGlobalSettings">
    <option name="fileExclusions">
      <list>
        <option value="**/*.yaml" />
      </list>
    </option>
    <option name="nodejsPath" value="C:\Program Files\nodejs\node.exe" />
    <option name="sonarQubeServers">
      <list>
        <SonarQubeServer>
          <option name="hostUrl" value="https://sonar.apps.bancolombia.com/sonarbc" />
          <token>dfd9dfdbdfdfdff5df98dfcedf9bdfccdf9ddf9edfc9df9adfcedf98df98df9adfc9df9cdf9edfcbdf9cdf93df9adf9bdf92df9adf9ddf9ddfcfdf9edf92dfcfdf93df9edfccdf9bdfcfdf92df9cdf9cdf93df92df9fdfce</token>
          <option name="name" value="Bancolombia" />
        </SonarQubeServer>
        <SonarQubeServer>
          <option name="hostUrl" value="http://172.22.182.17:9000/" />
          <token>dfd9dfdbdfdadff5df9ddf9ddf98df98df9bdf9fdfc9df99dfc8dfcfdfcfdfcedfcfdf98dfcfdf92df9cdf9edf9fdf99dfccdf9ddf98df93df9adfc8dfccdf9adfcbdfccdfc9df9bdf98dfcbdfcedfcfdf9cdf9adfc9dfc9</token>
          <option name="name" value="Local Sonar Server (docker_ubuntu)" />
        </SonarQubeServer>
      </list>
    </option>
    <rules />
  </component>
</application>