<keymap version="1" name="Windows copy Proper Redo" parent="$default">
  <action id="$Redo">
    <keyboard-shortcut first-keystroke="shift ctrl z" />
    <keyboard-shortcut first-keystroke="shift alt back_space" />
    <keyboard-shortcut first-keystroke="ctrl y" />
  </action>
  <action id="ActivateBookmarksToolWindow" />
  <action id="ActivateFindToolWindow">
    <keyboard-shortcut first-keystroke="ctrl alt less" />
  </action>
  <action id="ActivateGradleToolWindow">
    <keyboard-shortcut first-keystroke="alt 2" />
  </action>
  <action id="ActivateTerminalToolWindow">
    <keyboard-shortcut first-keystroke="alt 3" />
  </action>
  <action id="Back">
    <keyboard-shortcut first-keystroke="alt left" />
  </action>
  <action id="CloseContent">
    <keyboard-shortcut first-keystroke="ctrl w" />
  </action>
  <action id="CommentByLineComment">
    <keyboard-shortcut first-keystroke="shift ctrl c" />
  </action>
  <action id="Console.TableResult.CopyAggregatorResult" />
  <action id="CopyAbsolutePath" />
  <action id="CopyPaths" />
  <action id="DatabaseView.CopyDdlAction">
    <keyboard-shortcut first-keystroke="shift ctrl alt g" />
  </action>
  <action id="EditorDeleteLine" />
  <action id="EditorSelectWord" />
  <action id="ExpressionTypeInfo" />
  <action id="FileChooser.NewFolder">
    <keyboard-shortcut first-keystroke="alt insert" />
  </action>
  <action id="FileChooser.TogglePathBar" />
  <action id="Forward">
    <keyboard-shortcut first-keystroke="alt right" />
  </action>
  <action id="GotoAction" />
  <action id="GotoClass">
    <keyboard-shortcut first-keystroke="ctrl q" />
  </action>
  <action id="GotoDeclaration">
    <keyboard-shortcut first-keystroke="ctrl b" />
    <mouse-shortcut keystroke="button2" />
  </action>
  <action id="GotoFile">
    <keyboard-shortcut first-keystroke="shift ctrl p" />
  </action>
  <action id="GotoImplementation">
    <keyboard-shortcut first-keystroke="ctrl alt b" />
    <mouse-shortcut keystroke="control button1" />
  </action>
  <action id="GotoTest" />
  <action id="NewElementInMenuGroup">
    <keyboard-shortcut first-keystroke="ctrl n" />
  </action>
  <action id="NextTab" />
  <action id="PreviousTab" />
  <action id="QuickJavaDoc">
    <mouse-shortcut keystroke="alt button2" />
  </action>
  <action id="RemoteHostView.CopyPaths" />
  <action id="ReopenClosedTab">
    <keyboard-shortcut first-keystroke="shift ctrl t" />
  </action>
  <action id="ResourceExplorer.show" />
  <action id="SaveAll">
    <keyboard-shortcut first-keystroke="shift ctrl s" />
    <keyboard-shortcut first-keystroke="ctrl s" />
  </action>
  <action id="ServiceView.ShowServices" />
  <action id="SmartSelect" />
  <action id="SonarLint.AnalyzeFiles" />
  <action id="TableResult.GrowSelection" />
  <action id="Terminal.NewTab" />
  <action id="UsageFiltering.WriteAccess" />
  <action id="WelcomeScreen.CopyProjectPath" />
  <action id="org.intellij.plugins.markdown.ui.actions.styling.ToggleCodeSpanAction" />
  <action id="org.intellij.plugins.markdown.ui.actions.styling.ToggleStrikethroughAction" />
</keymap>